image001.jpg,down,595.435,844.4478,-185.32742,611.2099,856.3202,-261.39032,621.87085,857.8726,-261.18314,632.2778,858.97235,-261.08228,576.23444,846.2844,-263.33377,564.7872,842.45514,-263.04233,553.7355,838.50604,-264.34415,653.7312,828.6624,-421.76578,541.55273,802.55804,-429.9911,616.67883,821.9177,-212.72562,583.86096,815.5918,-213.25621,749.23206,691.03784,-364.5317,463.3966,655.80786,-396.1771,925.23035,604.0008,-105.976906,432.4662,583.38446,-111.136185,900.6123,758.3031,-40.694004,408.83966,742.08075,-12.988703,930.5116,793.2477,-80.105095,374.28677,767.10626,-54.517323,884.5938,797.1128,-109.68936,397.8975,784.3104,-47.913395,861.8914,782.74005,-42.15942,418.7674,772.9595,-11.592511,761.95135,508.1435,-28.16349,643.5455,490.84842,29.655128,739.82227,486.45007,786.70886,657.0559,500.0214,799.7927,716.0443,430.89682,1572.5616,675.9014,465.4898,1587.4033,708.5499,403.17047,1662.4241,685.16595,446.9202,1679.0354,735.5819,493.78296,1698.5251,657.34204,491.61063,1714.1575
image002.jpg,down,368.2988,735.07465,-518.77356,342.3402,733.9441,-575.8831,343.70172,728.2021,-575.812,345.14948,722.3825,-576.16736,331.22363,738.51904,-524.56006,325.8515,737.41534,-524.1788,320.72647,736.3249,-524.3656,342.95398,674.9425,-697.30865,305.0034,690.93884,-461.87622,387.2647,693.9877,-545.67145,379.52396,703.07886,-476.4159,536.1317,519.13934,-639.9691,290.48373,516.1889,-357.13718,807.79004,512.36505,-577.2571,380.24582,483.3704,77.64635,779.0226,696.8979,-491.38293,382.82352,616.4292,322.6104,785.9834,735.88586,-557.21497,354.8584,634.4186,316.11346,730.0437,740.3477,-554.4644,364.26,662.10583,278.3952,715.0516,726.1729,-488.76315,385.06924,651.37006,312.81726,781.50256,391.66364,-131.99036,668.6768,379.62238,132.65016,918.523,360.18573,402.731,819.6815,360.96637,655.83923,1007.60504,303.35916,963.601,922.887,321.5418,1243.8777,1023.76526,271.5206,1024.2893,945.4392,291.7826,1310.0581,1031.8986,383.838,1036.2365,942.08685,398.59506,1329.0477
image003.jpg,down,246.33679,686.5283,-322.02664,216.12381,673.3383,-390.81052,217.76752,669.9807,-390.88635,219.43347,666.47345,-391.01776,209.43768,666.2183,-323.0858,206.70418,660.8243,-322.71732,204.26526,655.39087,-322.82117,237.60846,623.2273,-548.48083,214.94125,608.53436,-234.19098,284.50403,661.9454,-361.99817,277.8407,660.9528,-270.98993,472.7228,566.1848,-611.55664,361.1479,470.03503,-47.483715,733.8968,597.3293,-395.31018,579.6317,412.66235,287.08005,640.6896,741.6309,9.678803,504.48846,540.76447,531.3741,630.26697,779.9463,6.027239,475.81128,552.75055,571.9499,585.98926,779.335,16.809727,458.38824,585.1719,546.7874,586.9395,757.0762,23.84965,474.14105,576.2382,523.54987,861.50824,501.09393,-216.10861,796.3048,459.26495,217.49007,1132.3694,468.3899,208.87909,1060.0768,450.72583,580.4418,1351.2206,425.24,673.3264,1243.1963,418.64685,1003.548,1390.3066,388.66196,725.58075,1282.865,384.86804,1054.8167,1391.2412,527.33215,779.36633,1280.4648,533.3243,1122.5245
image004.jpg,down,155.27275,662.47565,98.841156,130.77759,648.0636,39.37881,130.862,645.0685,39.40099,130.84625,641.9266,39.51015,129.59007,643.8,102.69597,128.51654,639.5385,102.53023,127.635155,635.18085,102.33859,143.6885,611.51776,-140.17062,138.07376,603.2481,149.92361,184.08348,648.71576,47.332054,181.97192,647.4222,131.0002,285.05032,615.20233,-268.16052,291.76422,504.95477,251.37505,487.82254,632.53815,-196.4488,515.2422,474.65518,309.00595,390.24097,738.9078,49.236732,462.1164,595.1421,292.09836,367.34747,771.2376,39.325974,441.7837,609.16925,300.517,331.16776,763.1575,62.863422,420.60092,640.57227,262.61395,344.20883,748.9406,63.08147,432.2319,636.6338,271.2463,669.75964,603.97723,-176.31029,668.03064,537.6005,177.36768,929.985,619.8034,-31.934645,916.03687,558.2406,299.2578,1181.1256,619.153,128.07518,1138.4816,559.0919,476.31183,1226.3345,596.0441,140.9277,1185.4451,535.57635,490.40085,1210.738,715.3174,113.23093,1159.1149,655.56287,483.79706
image005.jpg,down,161.82014,530.0853,180.08064,141.28629,510.63992,126.94836,141.29819,507.1549,127.03378,141.22867,503.41293,127.136955,141.38065,507.6773,191.51147,141.24738,503.77844,191.32422,141.37093,499.83865,191.19249,155.8331,475.51187,-26.708963,154.7718,469.05838,266.08865,188.443,521.02563,135.5021,187.44626,520.8648,219.79515,276.9723,492.13116,-150.77818,310.79666,418.14624,371.85895,422.27322,551.27545,-262.31085,495.571,436.16144,517.277,333.8427,633.6223,-271.50833,433.9347,516.89215,698.00793,306.4987,653.2057,-309.68738,411.7312,525.4406,755.76294,284.7144,646.96655,-272.69687,390.88318,550.4623,734.621,300.23627,637.94666,-258.355,400.6136,549.8413,690.4335,632.39435,540.0705,-165.67108,639.4405,496.03094,166.23776,897.19617,576.64667,-171.15814,886.4436,545.0405,204.93553,1155.3038,590.23303,-158.11298,1118.166,560.77905,325.48645,1201.1206,572.2341,-161.9127,1164.8765,545.6703,334.89743,1184.3538,679.0844,-236.61104,1138.5837,641.49365,287.73767
image006.jpg,down,173.54324,495.74286,383.5197,156.62448,477.31607,323.47406,155.67676,475.5637,323.79745,154.64317,473.48032,323.8989,162.49542,470.76022,386.7491,165.16945,465.99252,386.46454,168.06348,461.32565,386.16077,170.95444,452.4591,128.06857,188.09814,435.92465,413.0522,194.11362,495.18454,322.8191,199.41597,490.71924,405.31174,262.67032,483.21915,-94.62138,336.9554,413.40912,510.86148,351.39096,592.669,-355.7066,474.09116,459.96002,791.6668,284.4561,640.54193,-451.11243,406.2931,517.39166,1167.6133,263.00095,643.9055,-487.7671,387.41827,516.6584,1261.6346,253.91833,638.5039,-444.27295,371.4653,537.56036,1241.0955,266.74042,636.01514,-436.09296,377.10626,539.72626,1167.3679,583.05634,572.2713,-189.62949,607.72876,521.92303,189.07915,836.2886,659.8761,-252.00818,842.13196,607.73816,116.54707,1081.747,740.08966,-370.30576,1066.0162,673.66797,111.626495,1126.6565,730.8668,-386.8245,1111.888,674.8423,107.821915,1100.3628,843.73175,-492.7745,1077.435,750.4441,38.911236
image007.jpg,down,265.17883,473.8899,590.2631,246.72092,459.44662,525.2377,244.33957,459.29654,525.1839,241.91719,458.79828,525.2774,256.48505,452.0386,576.2028,260.39825,447.56613,576.2945,264.59964,443.16885,575.914,253.64261,444.09897,277.31042,283.29636,422.24176,514.7068,282.13654,474.36035,513.90466,291.2108,468.75925,583.51935,328.75156,498.58273,81.3956,436.34613,377.97424,492.338,418.78046,636.7357,260.43994,594.416,403.41922,721.2383,367.13562,635.02216,690.12506,541.9248,468.55844,1061.2831,346.5854,642.9455,731.6996,528.1832,475.7982,1137.531,335.52942,624.2955,743.10535,509.81732,490.34326,1120.4524,349.61768,616.4073,706.8612,513.8883,488.5232,1058.9255,633.67896,601.1476,-149.41505,683.11975,524.5176,149.34528,878.48206,708.735,-186.45956,927.5908,619.4311,65.50693,1126.1252,793.63464,-377.97147,1183.114,693.907,-40.413124,1177.4413,786.2386,-398.87344,1232.6094,697.0339,-53.62165,1138.4218,888.42706,-406.3194,1205.4916,766.6373,-28.818089
image008.jpg,down,356.716,370.65115,901.973,340.86945,361.3188,840.1963,336.10306,363.50995,840.2168,331.40314,365.29715,840.16565,356.87213,352.13275,863.87915,362.9068,347.73123,864.03204,369.1336,343.54834,863.71466,333.68335,363.42233,588.8522,384.47696,333.34735,706.5817,360.60492,378.55746,821.47424,375.8147,369.83865,856.1402,352.8424,427.94916,379.2201,516.8079,336.72888,586.6096,362.68005,575.7244,574.45325,655.0339,414.76477,715.06116,350.48706,572.19586,973.23914,622.05225,479.6236,980.88104,339.3857,576.5267,1016.6568,614.62463,487.28424,1040.7461,346.39465,557.7508,1027.4231,597.6842,498.4331,1025.8231,359.0307,551.5583,985.8999,596.26746,496.6826,981.5105,563.0079,593.3884,-87.066574,653.969,532.02435,86.80881,724.4235,798.2798,-228.53258,835.78436,699.30316,-122.189186,925.88025,977.88873,-711.79016,1055.8282,866.1696,-505.14026,976.39404,990.59576,-762.27954,1095.6763,895.11395,-544.30426,914.8225,1071.3159,-746.2368,1070.4376,922.2494,-500.17856
image009.jpg,down,563.71606,238.18535,1536.002,551.0545,224.59433,1465.564,543.55664,224.64778,1465.5449,536.49805,224.38408,1465.3091,574.84204,224.26396,1476.9102,583.76917,223.70865,1477.0787,592.3582,223.57008,1477.188,528.94775,228.49467,1134.2395,604.75336,226.97389,1204.6884,554.3261,248.52333,1422.674,576.9335,247.46944,1442.84,461.5176,309.82617,818.676,703.5752,297.711,936.5939,390.32672,461.23535,991.26276,788.40295,460.524,992.39655,446.59683,522.20593,1382.643,737.7705,518.3061,1338.559,455.00308,533.6332,1439.4429,726.61163,528.42126,1424.6218,478.81946,526.27014,1452.5044,704.209,521.96063,1446.6796,484.00366,519.40576,1394.2455,702.70355,514.03107,1357.0824,526.681,530.6992,-26.473188,667.97754,523.0199,27.135124,514.52313,797.76575,-104.80132,714.628,764.0962,-199.35278,546.7427,1076.9318,-839.17816,720.1371,1044.7853,-1068.6854,566.3297,1124.801,-910.30164,711.9217,1103.7012,-1155.1166,508.15506,1143.46,-771.62103,738.85675,1090.8209,-1059.4891
image010.jpg,down,1162.773,604.1657,646.40955,1163.3395,585.15314,673.90405,1159.9135,581.6027,674.0384,1156.6792,578.2211,673.6654,1169.2712,590.33044,611.2645,1170.0128,590.06433,611.06805,1170.5745,589.6311,610.5968,1132.4917,561.7961,719.91394,1150.7487,579.983,442.1269,1139.4395,602.9237,661.8183,1144.4783,605.78253,582.002,979.8408,550.41034,714.4552,1112.8135,613.33673,102.28163,847.6924,558.5483,868.5522,1088.1813,686.18994,-331.20395,840.5389,615.81915,1033.3467,1136.8418,743.71277,-623.09546,838.8977,621.1723,1078.4387,1154.6351,752.5303,-665.35364,850.1983,634.38983,1049.2266,1143.2346,742.6387,-625.3564,855.35046,635.2838,1020.4916,1127.724,740.9153,-610.27155,753.6457,649.32983,187.28976,818.05786,689.0664,-186.87361,520.60724,785.6217,-90.07399,546.4047,826.98346,-372.51617,257.41815,847.6006,-391.83502,280.79654,891.0952,-766.5476,217.20569,842.3822,-432.39322,230.41187,872.6567,-803.8013,209.44553,897.3781,-558.4959,246.60583,972.0723,-951.978
image011.jpg,down,1256.2146,504.29547,154.25633,1266.7817,488.51642,188.39738,1265.1075,487.48456,188.45078,1263.585,486.60706,188.14941,1269.5585,485.61118,125.8709,1269.8615,481.6545,125.846466,1270.0939,477.7593,125.54103,1240.4266,466.04767,306.96887,1247.4583,458.26855,39.84347,1226.8938,503.91934,203.93002,1229.3892,496.5369,126.95789,1067.9796,433.58365,431.39502,1145.4624,476.83163,-190.64569,921.76697,475.99982,701.43335,1041.324,572.1247,-611.40894,940.17645,559.754,929.28394,1108.7686,648.72925,-917.8674,944.5679,574.6113,979.84814,1122.5647,657.39124,-966.4989,959.5712,581.76447,937.2588,1129.7988,652.8702,-944.12305,960.5504,580.0762,916.32153,1118.6787,647.69867,-910.0287,731.1112,518.9675,191.23863,756.07635,547.83563,-190.95949,428.35547,598.0046,96.444855,446.6186,662.8286,-235.17896,127.18483,626.1988,68.48097,139.99377,690.22296,-354.08786,74.05052,607.7129,56.81438,83.99544,663.25854,-367.89395,88.104706,706.7778,-42.772083,102.354126,796.2051,-503.185
image012.jpg,down,1239.165,516.50824,153.23315,1257.918,499.2585,164.91916,1257.2235,499.3045,165.08665,1256.5648,499.5372,164.93634,1257.8336,495.02353,113.702515,1257.1558,490.32184,114.02648,1256.3148,485.6866,114.0052,1238.4702,477.4231,240.45244,1238.2375,464.73874,23.914568,1211.3882,516.0706,192.8512,1211.1592,507.59918,130.52824,1079.5745,413.6293,335.07947,1116.2108,486.84332,-160.16708,900.73456,414.92236,434.31503,938.3623,517.17694,-185.23856,923.6469,503.48114,488.35345,1000.018,623.4913,-56.21859,931.74097,514.05493,502.86353,1015.119,650.12024,-68.02886,953.292,535.0389,463.60153,1035.7239,646.26306,-48.402267,950.6532,531.47156,472.6035,1026.0707,633.23846,-43.349667,711.6717,436.76715,169.74321,715.59753,483.09085,-168.7436,403.9201,467.8649,121.362,398.78583,520.78503,-132.26175,124.247055,451.0869,144.70969,97.97169,487.32666,-157.64807,73.95195,417.49103,143.71584,44.936066,444.3827,-166.19394,86.43894,557.5559,115.69413,54.417343,622.0424,-259.65228
image013.jpg,down,1058.4595,562.70215,-25.879467,1084.4219,553.8027,-18.125639,1085.1028,551.13403,-17.944166,1085.7917,548.61316,-18.18892,1082.9946,556.9883,-69.79962,1083.2195,554.89966,-69.59979,1083.2823,552.9142,-69.77356,1077.5044,521.99194,35.85053,1074.4713,531.3942,-185.81082,1034.503,549.7207,5.368224,1034.1353,549.10693,-58.17419,953.8103,399.73895,143.61212,940.19684,529.6261,-320.8869,787.2455,365.90274,332.05103,759.00073,520.2688,-310.67953,799.9884,490.76202,521.9056,794.0679,627.64105,-219.73715,809.86926,510.3214,551.34595,802.58716,658.4093,-255.0303,829.0582,533.8934,517.3339,826.4817,658.18567,-247.10237,823.6944,528.3445,511.10925,818.8793,642.47015,-213.55307,574.9568,397.16428,168.30367,552.05475,472.40146,-167.20131,321.687,397.17444,290.3175,296.58505,464.39102,14.790572,103.80333,374.0124,455.88834,68.80062,417.45978,164.25497,63.900185,342.09515,469.12906,30.953827,379.46695,174.42896,67.994385,477.55643,452.02142,25.52208,519.5626,126.70617
image014.jpg,down,1045.6698,667.4071,-117.72903,1076.4688,660.5929,-126.76166,1079.3052,656.57385,-126.62117,1081.9594,652.6691,-126.96704,1069.2253,666.67194,-177.02841,1068.0398,665.40686,-176.83551,1066.634,664.14795,-176.96283,1078.7391,619.14417,-108.732285,1057.9204,639.6087,-330.42303,1023.7515,647.05804,-98.43509,1018.28796,649.39453,-160.98076,983.83484,465.8273,-7.915356,897.8893,595.4262,-451.0653,845.84283,387.5773,234.91086,699.3428,559.9485,-370.7455,831.204,535.5316,525.9036,731.4889,669.042,-242.14233,840.2085,561.4223,560.0612,737.60443,701.0347,-273.80112,847.8712,584.6725,537.8884,764.32434,700.4641,-273.79575,841.1032,577.9081,519.5608,760.43976,684.91956,-238.96965,592.8428,381.75198,168.74458,542.0702,452.7036,-167.91974,383.07858,355.13818,548.3521,327.52148,402.48862,286.1874,202.50446,298.6479,917.03125,149.95483,324.62686,682.2372,168.30727,263.26852,955.35736,121.07872,285.2095,722.1975,158.4343,382.9731,967.11035,94.7459,404.1235,720.8004
image015.jpg,down,1055.3115,850.8754,-306.76294,1083.8403,832.69104,-294.36365,1085.4219,827.91986,-294.40424,1086.8657,823.4581,-294.70148,1078.922,836.7904,-357.87167,1077.5856,833.8292,-357.702,1076.0798,830.88995,-358.0676,1073.0466,780.98254,-195.10664,1057.6821,792.8064,-461.62173,1025.0142,828.6808,-258.07117,1021.2855,829.2643,-333.60522,940.1177,662.60803,-45.814354,871.4987,745.0418,-571.6912,765.2459,650.40393,182.61465,644.3037,720.10315,-658.3168,795.3124,797.0398,327.36444,713.17395,873.7829,-696.0129,820.47986,822.4756,324.07193,731.0654,914.9565,-772.57837,839.2898,840.7779,280.36624,764.62683,909.24646,-760.7187,823.6316,833.6805,307.77722,754.8941,892.13293,-691.66125,509.7835,629.725,179.67278,460.40204,673.67957,-179.04324,287.65887,620.19586,599.08234,236.76057,661.45325,354.70493,100.63938,572.8872,1026.5247,48.51513,609.7808,831.3578,64.89918,533.5265,1067.6769,14.05365,571.1532,877.6454,57.220497,681.92816,1042.1515,4.847107,710.5189,824.728
image016.jpg,down,957.26636,762.8779,-256.26215,989.95,752.71954,-262.117,993.9316,747.92786,-262.01923,997.66907,743.38257,-262.3947,980.91724,757.52374,-322.83112,979.65393,754.7996,-322.6805,978.1941,752.0,-322.90698,1000.28613,697.259,-219.9383,973.9136,711.3584,-481.99326,938.72974,731.7759,-225.05768,931.93353,733.7183,-298.79755,935.4733,533.22314,-110.444916,814.74133,630.1969,-532.88007,806.4855,452.60068,223.38293,606.97577,591.52545,-404.44342,803.25104,581.7639,531.9792,639.7965,724.2377,-259.91232,814.3231,602.80316,553.1867,642.71423,758.5653,-301.00803,825.4187,619.6297,525.9352,677.8381,757.29156,-294.17157,814.74066,614.70184,524.0769,676.34735,743.3736,-253.77011,564.10144,427.99466,156.81482,494.94946,479.8695,-156.32022,408.98346,385.33948,682.5903,335.5562,435.97733,438.24857,276.9459,327.7519,1165.4323,207.7612,363.87784,998.0111,253.26353,292.46112,1214.6593,181.7255,327.42142,1057.2401,239.68239,400.31342,1202.1694,176.15964,422.6405,1055.9366
image017.jpg,down,800.4532,756.2582,-236.05775,829.36084,752.5021,-249.47462,835.25586,749.4323,-249.53722,840.901,746.5606,-249.87823,817.4459,753.0653,-294.8336,815.36145,750.0882,-294.79083,813.1555,747.0345,-294.9485,853.8879,709.93884,-237.87033,816.32983,712.1851,-433.536,795.8121,728.61224,-214.7432,784.5664,729.63617,-269.6271,844.18494,573.99176,-156.39204,705.80536,622.8033,-441.68124,759.48975,498.28253,184.7946,534.78906,577.83966,-324.89017,764.24695,594.3764,463.42892,548.5584,703.2239,-210.88998,780.4172,612.6561,479.1618,545.9672,735.6523,-245.8918,783.75006,626.4082,453.58502,581.32916,734.4089,-238.29169,771.1914,620.46655,458.0429,582.84973,721.3122,-204.79456,584.7928,454.14163,98.61993,512.6492,474.17117,-98.69663,483.13574,410.19604,556.92896,402.30426,424.1558,381.32776,398.18805,352.0059,1018.61975,321.4783,359.5187,883.15845,380.3849,325.12784,1066.7083,303.67822,329.61285,936.2866,380.91766,408.69485,1075.3733,312.16953,409.9802,937.9755
image018.jpg,down,738.31494,752.60596,-205.80463,757.7771,761.06696,-226.76385,764.3271,759.79694,-226.8248,770.6597,758.5711,-227.12064,746.0387,758.20935,-263.89774,744.5508,755.48535,-264.08868,743.05676,752.58136,-264.26428,791.1035,733.4172,-243.70071,755.5664,727.3076,-411.2567,744.74274,726.8272,-196.39178,733.0128,727.0589,-243.37839,838.02563,618.8902,-179.83095,688.7556,612.2014,-422.66455,769.0195,542.5848,140.76091,533.9612,551.40814,-331.7704,743.7806,638.51154,371.2599,537.02423,670.9752,-295.0533,751.9883,666.76807,375.11795,529.185,701.21234,-342.6509,746.8151,673.0748,352.50787,563.8337,707.05457,-353.9702,738.0244,660.4522,364.9077,568.4269,694.0323,-299.3887,646.419,434.68768,76.877075,577.48376,432.89896,-76.935074,595.4103,371.95596,525.67346,524.3986,375.21472,380.96893,561.2146,296.14407,979.92773,496.4877,301.12857,873.31854,551.6535,270.33527,1028.2,488.57758,272.45206,927.07855,554.37164,332.51218,1045.9792,493.17407,338.6716,954.2573
image022.jpg,down,551.0659,582.31476,-191.64279,534.36084,586.9466,-245.13388,536.5641,585.9171,-245.0765,538.82556,584.76764,-245.12659,522.75287,580.9709,-210.42676,517.573,576.9448,-210.2485,512.57477,572.8513,-210.47763,544.65,556.431,-380.0734,505.4114,537.9507,-219.94766,570.6291,558.10345,-227.38373,560.2092,555.2121,-180.16579,696.546,467.5135,-381.9458,529.7574,381.4095,-180.71368,870.5757,471.27417,-287.65042,610.1589,317.83112,80.436844,813.5698,581.5124,-157.864,599.1198,411.20056,299.1567,807.53,613.45483,-190.71489,578.8662,427.01465,304.22305,773.81134,611.1086,-195.1937,581.19446,447.01062,294.50882,769.5813,593.82446,-157.35094,595.04364,439.73615,298.1107,903.03436,333.55835,-94.29038,828.6968,285.0681,94.68772,1025.5686,287.65353,259.38867,973.2135,249.20847,407.98877,1119.551,229.11731,634.84796,1065.0745,204.27571,785.23224,1140.3513,197.69055,675.37683,1086.8958,177.90326,829.0265,1125.352,298.9454,707.886,1072.1157,270.76328,855.3242
image023.jpg,down,333.98407,638.6753,-346.91318,312.16882,634.0755,-406.43417,313.41003,630.8885,-406.41083,314.7381,627.56464,-406.5237,305.68817,631.0033,-352.76202,302.98743,627.0581,-352.45084,300.50922,623.13556,-352.6555,326.06696,589.5578,-534.266,304.13116,582.4374,-288.03943,360.06778,612.1195,-376.20724,355.65933,612.717,-303.8872,516.1971,518.5895,-529.28204,360.6358,432.23776,-166.59209,711.93054,527.9663,-377.34195,467.39926,397.51938,188.69063,654.84827,642.62415,-177.21239,445.7471,510.24673,443.20386,652.46875,672.0908,-211.87424,425.07086,526.15454,456.6098,617.3357,666.84576,-217.33473,423.57922,542.9483,434.47388,611.8433,649.08826,-174.53296,438.63586,536.896,437.7216,778.56946,457.08224,-138.76462,705.57806,410.54816,139.24895,916.80914,441.97717,352.8509,864.629,417.56192,549.335,1031.6437,427.31082,853.4576,963.1362,405.15628,1061.9973,1053.2738,406.1645,908.5058,987.89795,384.31006,1121.3148,1047.585,499.97684,943.0645,967.2212,476.6543,1143.2565
image024.jpg,down,211.90671,593.3468,-213.58295,182.17618,582.70844,-282.3805,182.51091,579.6712,-282.40414,182.9173,576.4749,-282.46976,178.26611,577.38885,-225.67587,176.32736,572.61224,-225.45865,174.65393,567.70874,-225.55632,195.20714,536.5767,-442.12732,181.8298,524.1616,-182.77266,242.0179,568.77655,-253.62282,238.89224,568.0447,-177.97554,395.69977,489.22696,-463.42188,297.46213,383.3279,-64.22241,614.4799,510.19592,-299.26486,477.2611,331.97742,237.7754,536.0705,614.46326,-27.824507,441.18713,439.4362,534.37634,522.8634,645.0003,-51.555756,420.98566,454.7021,576.3314,488.27466,639.3885,-36.47863,412.59546,480.884,551.8197,490.9406,618.3375,-18.091625,426.50055,474.19278,528.397,739.91187,422.8942,-145.4733,682.2667,367.9103,146.40555,950.1207,396.1714,228.31485,899.46326,372.03342,464.63782,1128.969,359.96478,616.62695,1057.448,353.3818,833.9884,1165.1288,331.29425,656.52435,1095.5316,326.44318,879.0725,1142.6248,448.62326,686.394,1065.5234,454.73,929.24585
image025.jpg,down,295.4795,581.20886,-93.18046,269.46588,566.09454,-152.30824,269.61426,561.9562,-152.44536,269.7891,557.6746,-152.47746,266.98096,563.76874,-90.90863,265.7112,560.4001,-90.89237,264.61847,556.9092,-91.07132,282.25366,521.0646,-308.43228,273.77182,519.7997,-34.600197,324.83325,560.1322,-138.84856,322.06665,562.8121,-59.444103,449.8084,494.60715,-387.19562,405.8936,427.68753,84.26953,635.3918,522.92114,-303.11908,581.06244,399.77588,229.41422,563.8958,607.4865,-91.07089,539.7894,484.83264,317.2729,551.9281,639.206,-109.9887,521.6065,495.9899,343.45233,516.50867,629.2524,-88.78917,507.29944,522.61005,317.3717,521.80597,613.5211,-78.70219,517.4375,516.44617,303.60834,792.08154,477.8895,-157.31772,753.5218,441.58023,158.72452,1034.5251,465.08685,69.94759,988.7328,452.50534,349.5749,1235.2917,435.91504,307.98972,1172.5737,436.51917,581.9352,1266.47,410.66702,328.9347,1204.0502,413.08072,605.03815,1277.3337,516.54736,299.24075,1214.2443,523.9444,600.35785
image026.jpg,down,218.75705,687.34106,58.080082,196.4959,670.1029,-0.275593,196.8293,666.30634,-0.22526583,197.00833,662.36633,-0.19617695,194.2305,668.1133,73.88021,192.65073,664.28876,73.66703,191.23874,660.5204,73.339966,207.01703,629.2457,-165.7024,198.3971,626.7457,172.24054,245.26263,672.77466,7.4691887,241.83017,672.8956,104.80554,338.96857,601.91705,-303.1235,333.08618,571.4642,331.99216,514.6803,596.09033,-162.87323,525.4346,530.18,239.92049,438.61816,713.0324,212.09631,496.6549,622.7197,-77.96894,425.23575,748.2194,225.7148,483.42166,642.96173,-113.33229,391.04913,740.47986,218.32614,463.8701,660.3488,-119.91764,398.87466,722.87555,221.07848,468.6676,650.8863,-97.61148,691.4042,596.9041,-206.51926,680.2908,579.59424,207.10936,933.1659,593.13464,-63.960384,909.26483,584.0078,323.8718,1166.8312,574.74506,95.60864,1119.367,566.9819,469.00665,1202.8969,546.0835,106.87516,1159.5632,538.0362,475.02002,1219.2948,667.8224,37.077343,1161.8403,673.2857,427.7107
image027.jpg,down,141.01616,605.6458,123.98192,123.79627,585.2227,78.31756,124.93549,581.8314,78.298706,125.94692,578.2362,78.3489,121.5995,583.3461,133.98134,120.894394,580.1455,133.86397,120.39421,576.93274,133.71126,144.30641,553.4134,-55.48882,135.45367,551.6658,198.89441,170.22675,598.8094,86.693275,166.30898,600.39716,159.72238,273.6891,572.2919,-181.70132,290.35114,504.87476,322.9236,438.5115,617.52484,-200.55106,463.28485,519.87317,436.88266,374.8523,723.506,-114.00521,413.38928,607.27905,555.96783,357.43408,755.2252,-142.57803,395.3896,617.18616,601.4055,329.38998,750.1464,-107.925835,377.9712,638.93506,572.49915,341.56924,737.0067,-98.164055,387.9047,635.3919,544.6477,649.7651,586.22626,-170.24222,645.9574,545.5169,171.0898,923.92896,607.7454,-86.378876,890.77344,564.3832,202.82793,1175.0819,592.8296,7.2315054,1117.9293,557.63007,334.46436,1218.5875,563.95807,10.514035,1165.8088,532.3762,344.2055,1206.5527,688.7342,-60.065666,1138.0918,661.0062,313.1344
image029.jpg,down,393.4279,201.00066,1157.4071,381.11212,184.35393,1084.6892,376.22482,184.86154,1084.6422,371.44562,184.83958,1084.6324,399.84756,180.7065,1118.5527,407.185,178.50401,1118.6863,414.58716,176.69426,1118.2106,376.9895,184.27917,777.3968,433.97003,172.5015,946.2759,395.9395,212.12842,1058.9376,413.25262,209.15034,1108.8441,376.96558,258.8141,496.9685,574.6227,217.28873,847.31946,351.70404,420.8186,704.4876,709.44464,332.37115,1077.713,330.8293,418.77942,1197.1108,643.66296,393.51404,1491.3044,312.69373,421.11725,1261.7714,628.43524,399.4158,1583.4434,323.72653,401.38602,1276.3259,608.03827,407.5689,1574.1257,340.8982,398.06915,1215.1566,609.02747,404.90085,1496.7263,555.35547,481.37524,-146.32181,666.38293,446.2815,146.11528,675.7821,731.7373,-316.73834,791.90643,663.61285,-123.42946,841.7794,962.4015,-890.73004,956.9487,900.6485,-602.6678,892.3854,989.2506,-951.4783,991.5437,944.6382,-652.5149,798.74023,1066.5142,-946.66504,944.04755,968.49133,-600.1725
image030.jpg,down,393.4279,201.00066,1157.4071,381.11212,184.35393,1084.6892,376.22482,184.86154,1084.6422,371.44562,184.83958,1084.6324,399.84756,180.7065,1118.5527,407.185,178.50401,1118.6863,414.58716,176.69426,1118.2106,376.9895,184.27917,777.3968,433.97003,172.5015,946.2759,395.9395,212.12842,1058.9376,413.25262,209.15034,1108.8441,376.96558,258.8141,496.9685,574.6227,217.28873,847.31946,351.70404,420.8186,704.4876,709.44464,332.37115,1077.713,330.8293,418.77942,1197.1108,643.66296,393.51404,1491.3044,312.69373,421.11725,1261.7714,628.43524,399.4158,1583.4434,323.72653,401.38602,1276.3259,608.03827,407.5689,1574.1257,340.8982,398.06915,1215.1566,609.02747,404.90085,1496.7263,555.35547,481.37524,-146.32181,666.38293,446.2815,146.11528,675.7821,731.7373,-316.73834,791.90643,663.61285,-123.42946,841.7794,962.4015,-890.73004,956.9487,900.6485,-602.6678,892.3854,989.2506,-951.4783,991.5437,944.6382,-652.5149,798.74023,1066.5142,-946.66504,944.04755,968.49133,-600.1725
image031.jpg,down,594.33203,159.38255,1352.7969,583.5952,146.33226,1283.4978,576.48376,146.35353,1283.6963,569.7844,146.09113,1283.5804,606.1768,146.44922,1300.2357,615.05853,146.16647,1300.2704,623.65656,146.25603,1300.0769,565.6025,150.1636,973.208,639.8853,149.8078,1059.7544,587.30786,169.88803,1248.2891,610.0984,169.3875,1273.3298,509.81854,221.00713,711.9618,735.85175,219.39915,871.72186,431.67493,355.50812,975.3461,811.6981,353.43295,945.2572,474.33575,381.24585,1481.4568,764.02924,416.64853,1237.9174,476.4948,381.36957,1554.3983,757.4701,425.22424,1309.3934,498.42047,375.51102,1564.0425,737.86926,424.1513,1321.6224,507.94266,375.05133,1495.0747,733.3876,418.07632,1253.3342,586.8206,437.42795,-81.5017,715.42737,436.92462,82.03812,593.0597,681.00824,-228.26013,754.4831,672.009,-118.13669,660.2807,938.8895,-828.5931,776.5777,922.6811,-858.1128,688.85156,980.20135,-889.23267,778.0435,970.675,-937.2672,614.6372,1008.002,-836.6217,779.94904,973.3773,-881.93933
image032.jpg,down,757.42566,296.2415,1203.1267,748.9301,278.5294,1162.8274,742.1066,276.21426,1162.8932,735.6565,273.82556,1162.5873,767.56665,285.44315,1146.1038,773.29193,287.61844,1146.5435,778.5938,289.9869,1146.6484,714.87683,274.6665,940.738,773.9247,296.4468,877.1185,738.8423,303.26224,1128.4363,755.7368,308.66196,1110.9431,607.7169,329.045,743.2447,797.2023,375.94485,675.56116,500.16586,445.84528,934.8724,837.44415,522.18726,834.93225,536.9153,505.6067,1312.9692,866.1508,515.914,1201.3582,537.9351,509.50696,1378.9526,885.1312,512.9526,1259.6638,563.0713,517.8951,1385.8075,867.80524,499.99576,1273.8925,569.9662,519.62976,1324.3306,853.74866,499.57574,1218.019,561.01495,554.6903,30.48938,667.9573,588.99316,-29.842451,429.6222,764.46796,-308.08176,593.89526,787.5857,-432.34586,332.48132,994.65247,-990.2099,462.243,1001.63824,-1220.8184,317.6691,1040.652,-1058.014,419.3299,1041.5074,-1301.1389,305.35587,1030.232,-1027.246,486.7557,1052.7413,-1293.5353
image033.jpg,down,924.4529,340.17307,769.7039,929.1283,317.96494,751.32263,925.7787,312.61792,751.70905,922.65393,307.29172,751.37946,937.0008,331.0097,706.5858,938.9868,334.10577,706.81274,940.6098,337.18304,706.6299,905.2307,294.30573,651.54083,932.3721,336.4882,448.10895,905.51746,340.0147,740.6798,912.3224,351.92294,683.4155,764.97,283.56097,656.3727,900.79224,423.48526,187.28183,624.661,345.47263,953.5058,862.3163,560.92664,483.73053,682.87225,401.2179,1370.0697,903.48645,545.1609,1004.31635,694.1017,405.01465,1450.77,924.63837,548.7921,1056.7006,713.32104,415.65866,1430.1235,920.8948,529.8964,1071.8772,712.10114,419.70428,1370.1666,905.99646,526.0152,1026.3079,569.3572,485.24713,166.79529,635.5964,567.8651,-166.54085,367.82385,643.9109,15.1206875,440.15436,742.0246,-394.3037,139.27676,779.77295,-400.29547,205.00687,879.5179,-798.71924,87.16694,801.3833,-446.22745,141.12236,883.36597,-841.9296,136.10477,846.85004,-416.82025,214.58942,970.7867,-857.1457
image034.jpg,down,1021.2714,510.31766,522.76483,1022.80566,493.64178,540.74915,1019.6388,490.369,540.7494,1016.70154,487.29938,540.5419,1028.7909,497.42944,486.1151,1030.0304,496.78204,486.30124,1031.0349,496.16995,486.33395,996.5989,467.9408,592.83685,1015.2064,481.4092,350.84262,1000.17285,503.84235,543.9434,1005.9242,506.81787,472.85828,865.176,457.43338,588.6593,980.25867,494.34763,162.99078,734.9464,479.91162,626.71014,1009.9985,566.7966,184.97324,689.583,527.52496,619.0264,1032.063,617.6829,503.30725,682.32446,536.2794,631.30774,1043.2241,618.94434,536.1267,686.6461,547.58124,602.4793,1028.4045,621.1281,555.079,691.7164,542.6889,601.6183,1017.6749,616.4939,520.46027,652.23694,523.0218,143.79865,693.56006,537.7896,-143.51944,394.93103,640.0206,-185.42479,423.87885,669.8803,-339.4362,116.89045,692.65076,-504.77325,143.81009,711.0126,-721.64764,67.69646,678.3895,-539.7253,96.16688,690.6412,-758.75305,78.948326,778.32404,-615.681,98.28659,803.0044,-897.329
image036.jpg,down,1177.3997,386.03763,249.76764,1189.3782,373.12604,276.44464,1187.4469,371.11966,276.51346,1185.6676,369.28598,276.17462,1194.4935,372.8591,217.75009,1196.1987,369.94257,217.77121,1197.8,367.05914,217.52219,1170.026,343.6496,368.1399,1184.3732,343.46585,114.81362,1152.7217,375.93845,288.75955,1158.509,372.76685,215.4227,1031.634,291.32205,435.12238,1108.6876,323.76968,-75.34131,912.5405,302.91122,633.4059,1022.3236,403.33704,-313.59143,930.25336,356.67584,767.5221,1075.3528,480.89072,-451.94385,930.61536,368.54703,791.3742,1086.3055,490.89978,-478.7599,940.8001,376.49237,758.4751,1092.4407,487.34888,-472.7054,941.9564,372.7855,754.1195,1082.8259,481.1258,-447.63382,732.20123,312.65814,157.8514,756.3067,328.69858,-157.43341,446.51578,350.0212,21.233826,456.6248,383.49445,-233.64586,159.09164,330.60336,-110.5951,164.50165,350.61963,-450.87244,112.73216,301.2174,-129.95944,115.752335,313.83984,-473.60614,109.08558,407.06857,-225.09416,118.344955,445.04208,-616.09
image037.jpg,down,1147.934,435.22272,255.72537,1163.3265,418.11118,277.8877,1162.506,416.47833,277.9129,1161.7668,415.023,277.534,1165.4662,416.83246,223.39418,1166.2285,412.7866,223.55882,1166.917,408.85175,223.59383,1147.006,386.70428,344.35806,1152.405,382.44284,119.056404,1124.1014,426.4751,288.08707,1126.6022,420.99518,222.22198,1007.10754,316.00784,393.51624,1063.863,386.35367,-68.570145,865.3907,314.7336,547.7267,939.35754,452.26965,-228.7741,888.25226,386.2483,660.3639,1009.06525,536.82996,-325.78412,893.3696,395.67252,690.65674,1027.3761,553.22284,-347.58762,909.19525,411.5435,655.46625,1041.7809,549.6982,-330.31296,908.05536,408.3765,647.0263,1030.4133,541.53827,-316.5941,684.1681,339.0938,132.69347,696.3492,376.06348,-131.7953,386.81412,373.65137,21.207102,372.26233,410.95782,-151.87997,108.94142,352.38882,-25.306229,75.803986,367.564,-292.44,71.29864,324.46722,-32.160763,29.695206,327.78986,-305.50067,47.262535,421.90656,-76.61471,20.534363,472.98538,-399.21707
image038.jpg,down,980.7978,713.026,101.84804,1008.30414,690.77136,129.75903,1009.4382,686.5623,129.78906,1010.7013,682.54193,129.39955,1007.9829,692.82745,48.99328,1009.2001,688.9344,49.110085,1010.25525,685.0155,49.087486,1008.30743,643.7033,253.3777,1005.48004,648.75714,-94.64464,960.9299,694.63715,154.8053,960.5606,694.26843,54.70957,878.1708,600.6192,403.69153,896.48975,599.0375,-316.5587,705.6577,581.52594,342.4732,731.9763,592.2996,-561.14935,765.8084,659.42694,54.583317,792.37744,721.1334,-469.07162,787.97034,677.89484,11.870619,801.1093,754.652,-479.904,806.005,693.1728,-3.6505032,818.5007,746.23145,-463.4892,801.54395,684.35657,32.574932,815.2941,730.96643,-452.33658,498.2501,611.9189,220.02893,489.79843,603.05945,-219.28603,184.9369,605.8903,157.89851,183.83267,617.8076,-179.8607,-86.43955,574.6591,259.29865,-102.18132,603.51666,-98.80383,-126.498375,546.24286,262.68658,-146.68933,568.90594,-98.27052,-162.40375,660.322,150.318,-176.17694,705.48486,-262.184
image039.jpg,down,1214.378,429.2944,13.523523,1241.4806,419.18323,26.896301,1241.4803,419.39175,27.036734,1241.5093,419.84622,26.826761,1243.2325,414.35657,-20.173424,1244.8865,409.36847,-20.179083,1246.4435,404.5078,-20.460697,1234.546,396.06668,112.55092,1240.1422,379.0224,-87.52364,1189.8035,421.87778,55.906143,1192.3809,411.6849,-1.6664476,1089.1342,327.4915,255.49254,1119.8273,350.61392,-223.91203,906.3124,286.52454,409.3722,942.0653,277.51675,-358.0045,929.48254,389.826,471.062,980.43365,453.6025,-413.55957,941.7395,406.46948,495.53662,990.55225,500.14832,-442.00684,961.89703,438.879,450.67798,1010.75745,504.29395,-402.37808,958.4006,431.5998,454.14337,1001.8921,482.73975,-393.69574,691.7437,322.34454,157.11592,688.0243,335.38455,-156.13565,385.5336,326.93686,139.33185,378.641,334.77863,-76.16898,119.55753,302.602,221.81387,82.95818,291.42383,-16.356134,79.76803,268.1618,224.3963,37.988815,247.6701,-18.726532,54.372253,397.40213,146.83212,11.765518,409.9613,-122.38183
image040.jpg,down,982.7176,442.6956,-125.84152,1011.4444,435.5184,-121.60229,1012.08606,433.52856,-121.39747,1012.6206,431.68454,-121.63074,1010.51404,436.27127,-174.55365,1011.35425,432.95132,-174.32646,1011.99164,429.74945,-174.55443,1007.35,399.67435,-52.380493,1006.236,401.5628,-284.26163,960.0029,426.5366,-87.622986,960.96893,421.9706,-153.8463,911.5143,257.57867,73.2293,873.71716,382.3391,-388.7149,764.4751,191.52654,248.987,709.3713,310.95782,-361.42807,753.0987,330.21924,449.89893,732.6074,449.60324,-262.74225,758.5391,355.60736,483.11646,734.42944,487.98868,-294.15036,771.11316,383.31006,450.71942,757.36725,495.88037,-284.83112,765.77856,376.02945,441.2404,752.5109,476.32568,-252.82379,543.8956,186.83759,175.01138,505.9584,261.61972,-174.02237,321.93118,151.28996,451.34335,272.56268,218.32338,135.60577,133.7468,106.94663,734.5045,74.66858,141.39372,385.16635,101.8972,70.84928,762.0375,47.173386,98.81372,407.4538,76.877785,209.20236,761.3593,4.95739,236.38348,357.39047
image041.jpg,down,909.18445,589.65466,-113.93712,940.18896,585.025,-135.40907,945.21906,581.3808,-135.30765,950.0412,577.803,-135.59232,929.2848,588.2599,-177.66263,927.31995,586.10474,-177.55017,925.1587,583.88824,-177.60059,960.4605,538.78094,-155.29651,925.71594,550.31274,-341.47977,899.46747,560.83075,-104.117775,889.68066,563.5648,-156.13148,937.883,382.53543,-107.80197,793.57635,477.87854,-373.956,863.2775,291.36713,188.7598,614.3396,443.73227,-187.15529,860.7748,399.13693,520.0123,620.53174,552.46204,21.495579,872.9016,416.20425,548.74945,614.95996,579.48224,15.597706,875.0213,432.8164,537.5709,645.19073,579.73,20.257204,864.50684,428.0529,519.832,648.6116,567.89667,28.695185,635.77997,268.94714,100.87253,559.968,312.4996,-100.57782,515.15906,227.16167,575.43097,422.45514,254.24149,322.02866,405.7058,160.59967,1049.8949,319.65598,176.06245,792.31384,381.33148,133.71777,1100.3262,299.44934,142.70198,841.1106,393.50134,209.37372,1137.2291,301.6437,228.60033,853.7739
image042.jpg,down,757.7052,608.95465,-447.29892,781.6998,594.56976,-478.9612,788.49,589.32245,-478.91605,795.15045,584.54315,-479.1409,762.78625,599.16797,-514.90674,756.8744,597.172,-514.79913,750.8302,595.27234,-514.8048,799.78455,543.8231,-464.674,739.62415,558.2492,-630.46484,749.1008,584.18176,-417.63657,732.2513,589.678,-464.51508,800.8185,420.45096,-364.95142,606.07,474.041,-560.45844,745.11707,366.54495,-0.6839808,437.66473,446.1895,-395.51782,732.30096,494.27676,216.42337,453.11035,571.20996,-217.74733,749.95776,514.90436,214.0187,444.46976,594.5279,-254.11913,744.89514,517.65204,185.0608,479.52298,590.387,-248.1416,728.9692,513.1994,207.84317,486.57684,582.219,-214.4887,522.04614,379.76102,105.43907,432.6281,403.69492,-105.15786,438.77106,378.51855,671.3595,364.2926,388.23984,490.5202,361.9488,342.9272,1257.09,304.81387,350.64975,1100.9813,345.76227,322.13535,1323.958,291.3546,325.95422,1167.6417,351.9037,395.51065,1346.9343,292.6186,414.30322,1178.0098
image001.jpg,up,193.01865,792.7325,-424.45245,169.9368,770.0204,-476.96854,173.17436,764.1337,-477.0543,176.52448,758.0088,-477.33853,163.41367,772.64526,-407.02606,161.96915,770.4817,-406.97333,160.78052,768.6338,-407.2671,205.44067,723.2453,-607.49756,181.56128,737.15546,-274.90787,235.59772,778.527,-459.37335,229.78767,787.02606,-361.63318,434.9624,727.74994,-691.2936,335.7079,691.16187,-14.50789,570.7948,980.70703,-741.6766,416.86224,848.86975,394.1669,513.2608,1205.2571,-707.9851,387.1774,1027.5405,470.06738,500.7555,1260.1364,-807.00934,357.54254,1056.2042,464.17484,454.9558,1238.9844,-783.97595,346.03683,1062.6492,386.10718,460.50482,1218.9658,-700.2494,370.40097,1057.6603,436.63333,823.5877,827.1378,-217.1192,768.1328,814.74713,217.73798,1025.6069,870.1053,336.7262,947.1939,876.1032,815.95917,1210.1832,873.00574,954.09906,1099.4895,873.72955,1449.1707,1251.1394,853.2453,1010.7323,1136.6506,852.30536,1515.1514,1219.5518,966.7587,887.72577,1106.7544,960.5275,1452.5067
image002.jpg,up,308.05988,754.31793,-964.72363,295.54108,730.0426,-1014.38196,301.3358,724.7055,-1014.34045,307.1768,719.2715,-1014.66003,283.58334,733.9006,-953.38135,281.00348,732.4443,-953.31067,278.55762,731.40826,-953.3727,342.2498,680.7839,-1103.9542,302.21817,697.33026,-819.1839,353.63507,737.6707,-982.8033,343.58585,746.74115,-898.0236,595.3458,671.3121,-1054.8862,373.96613,639.15125,-594.7766,722.1158,950.88605,-1069.8253,401.8069,821.484,-234.04593,680.41516,1190.6104,-1123.1642,369.4795,1027.822,-274.93372,679.01495,1247.4885,-1274.1425,326.63052,1052.0818,-357.236,627.0095,1225.2131,-1284.3146,327.44778,1066.571,-440.17365,622.20325,1202.5789,-1135.6104,364.3128,1063.654,-314.13297,867.2497,773.6695,-147.87413,758.1421,761.89166,148.51797,965.2937,807.41064,583.9791,849.79156,821.6224,873.0639,1055.3904,816.167,1364.1908,957.86224,826.79724,1641.9727,1075.962,806.4677,1440.5238,979.525,815.74286,1719.5879,1042.8542,888.9882,1360.4729,971.163,868.05475,1671.7283
image003.jpg,up,455.76666,701.98236,-1312.4233,450.3883,672.2798,-1358.0468,458.87866,665.1551,-1357.8035,467.40796,657.82196,-1357.7667,424.01917,685.6039,-1319.3452,414.29474,687.0483,-1319.3062,404.8404,689.0532,-1319.4366,480.7761,611.0194,-1316.4341,392.19336,659.5946,-1145.9489,485.82074,684.55566,-1271.821,462.1952,697.8547,-1220.1022,649.88086,567.26904,-1116.2765,357.1936,588.5849,-876.29645,748.26447,799.37054,-1131.1045,321.6206,767.87024,-589.42114,754.13995,1050.833,-1228.5974,324.5681,989.3682,-634.60693,769.8479,1095.0137,-1359.3053,284.46643,1024.3248,-698.7938,722.64044,1089.7922,-1384.2849,303.3877,1027.4824,-759.9009,709.08844,1072.7089,-1251.6521,339.29764,1018.3149,-661.8638,742.623,644.5697,-121.51326,613.796,658.456,121.56867,773.8604,750.00977,595.1689,674.3312,710.4413,843.1824,784.0522,737.5296,1410.9541,739.47723,711.9774,1650.1671,787.1194,720.11615,1492.3284,757.405,693.58276,1735.2847,776.28015,814.08417,1386.6648,747.4474,774.2398,1641.113
image004.jpg,up,797.9636,707.9955,-668.4229,817.80383,684.3591,-659.66174,819.44104,680.6818,-659.6701,821.2623,677.4196,-659.7899,808.62335,682.6245,-722.5454,804.56824,677.24536,-722.83325,800.3512,672.03735,-722.9684,804.49615,639.3725,-537.3238,778.9314,630.1069,-821.7533,770.94934,693.9779,-605.3485,764.40155,691.8979,-687.52124,749.25415,604.91113,-348.0098,597.47437,613.1119,-822.37695,731.87317,763.9549,-110.43456,481.8718,817.07837,-871.6696,754.26056,924.0165,-154.78427,495.64023,1020.3894,-903.40027,785.5134,948.2472,-221.37427,496.25107,1063.4397,-1024.3923,780.94104,954.0432,-295.4145,532.283,1052.3508,-1028.0514,756.11633,947.31055,-189.81688,531.36755,1036.5988,-916.214,441.14,704.59393,161.95067,365.68567,703.2139,-161.22343,328.93982,751.5669,734.24243,260.78525,742.56726,422.76727,212.89539,730.46,1385.9409,155.89073,770.0362,1055.9199,183.10895,709.75446,1448.634,125.77129,758.1948,1113.964,209.10057,793.4512,1388.5862,157.21011,842.31616,1006.8311
image005.jpg,up,1072.0814,738.2305,-275.8594,1101.0671,705.2292,-265.88605,1102.6304,699.17096,-265.6736,1104.3005,693.50183,-266.11792,1092.0499,707.48413,-338.6571,1087.8665,701.75134,-338.89774,1083.4894,696.1333,-338.93817,1080.084,643.6394,-184.77649,1053.5515,647.9264,-496.23425,1032.9136,720.8899,-229.23158,1025.6102,722.1487,-319.26245,929.02405,587.1762,-15.392817,828.9758,650.3292,-558.56433,876.7359,759.41534,298.34598,689.5598,872.961,-486.0946,906.93146,958.1695,289.30966,746.74695,1113.3302,-369.07272,940.8954,980.1484,257.9639,766.6472,1163.5685,-452.68082,948.84106,1003.9015,177.80524,805.35187,1144.846,-440.30856,919.57733,1004.2124,252.7479,794.32935,1125.7828,-368.706,472.56934,732.5578,170.90323,421.3427,753.86334,-170.32098,303.90665,793.36597,627.49994,249.28069,790.1865,310.37946,164.83499,805.2699,1160.9128,83.14041,805.587,839.54956,128.84662,785.9519,1213.254,37.766876,783.63617,889.04846,158.21152,877.29816,1155.1183,90.07431,894.23425,804.5499
image006.jpg,up,1008.2849,681.58466,-210.93002,1037.2861,659.45294,-220.39368,1041.2787,652.62085,-220.2898,1045.1146,646.1761,-220.5976,1025.4901,665.8655,-281.35846,1021.6974,663.0234,-281.3681,1017.70886,660.2226,-281.46765,1036.2196,597.0317,-206.47678,1000.05786,618.2997,-473.7195,983.9643,654.73883,-186.29927,973.62354,661.00555,-262.6706,958.0264,467.33963,-85.70003,819.44714,591.71436,-536.39325,891.33435,562.45636,274.58157,653.83905,728.80145,-448.52756,896.1016,754.9998,341.41055,687.82965,904.29126,-305.97162,921.2047,785.6765,326.77557,694.629,946.09375,-370.98523,917.63086,800.1067,251.61023,732.4701,926.1735,-354.48727,893.9293,794.90826,311.5742,731.18945,905.9154,-298.45184,572.1096,466.93903,145.51253,505.53406,533.7113,-145.36482,432.07794,478.5609,675.34656,388.15332,512.0486,423.2436,304.66498,443.20438,1217.5842,260.1695,468.6522,985.3894,270.5976,418.9712,1277.1562,223.5086,440.0858,1044.453,303.9217,513.3117,1312.296,266.08466,534.1621,1060.3632
image010.jpg,up,707.06934,700.10657,-1118.8364,732.5321,682.0764,-1117.8599,740.2799,681.0431,-1118.1306,748.3679,680.50055,-1118.3672,708.9529,672.3554,-1149.7336,701.8069,665.8269,-1149.9633,694.4197,659.5587,-1150.2073,763.36127,653.0968,-954.5408,691.4845,616.42285,-1100.3667,707.1196,694.76526,-1038.9027,687.34247,686.6515,-1080.8015,809.8368,638.8248,-711.0324,567.0671,579.3652,-964.6426,823.3764,815.8425,-554.78015,460.49884,779.9799,-980.2777,826.5829,1016.6436,-631.26996,420.9878,1016.74286,-1021.1726,865.0825,1055.6747,-688.62726,396.74615,1058.2458,-1129.965,845.4902,1057.6969,-754.62,441.25116,1065.9595,-1139.0928,812.9396,1047.048,-658.4393,453.2467,1053.7239,-1033.6013,604.4965,698.9625,97.599556,495.09296,656.45056,-97.60628,560.05896,738.98175,737.1984,459.47495,705.1027,581.1523,526.0486,725.9488,1464.1521,456.47324,712.32935,1289.7089,521.149,714.50665,1540.8557,454.48074,700.52625,1361.9419,518.0314,766.189,1469.647,454.18106,771.7788,1280.8486
image012.jpg,up,221.30898,740.1512,-164.92735,201.65433,723.284,-221.28711,202.42566,720.4598,-221.25916,203.24982,717.2888,-221.46196,200.71114,719.3699,-158.95891,200.74323,714.6488,-158.93478,201.08566,710.1051,-158.92775,217.97874,688.6664,-355.0131,212.55043,680.70953,-61.791477,247.40796,732.3444,-199.30136,246.95721,729.54114,-114.29607,351.67023,699.87225,-467.04028,360.47192,655.75885,175.25891,406.69196,877.6654,-574.6272,417.01782,796.0189,325.38937,376.44678,1045.6708,-512.6469,401.7946,924.7745,200.10562,344.18945,1074.1918,-581.9863,369.0066,926.77203,184.2858,331.28568,1055.3549,-536.0043,360.2871,938.22003,117.36893,346.517,1046.7078,-494.3025,377.16553,940.75946,164.2929,712.6682,793.88995,-205.4372,707.8844,765.00543,205.26207,935.0986,859.415,116.81842,911.2192,822.4188,597.08014,1177.1167,884.5355,416.1154,1095.5095,850.3456,1005.1165,1227.525,868.28766,434.26822,1141.2908,840.5915,1044.9016,1169.5919,978.5708,268.49057,1078.1079,936.2443,968.1737
image013.jpg,up,242.92346,718.60425,93.42411,218.72581,702.7009,40.261555,217.93317,699.7849,40.386562,217.16347,696.5646,40.411118,220.82217,700.68805,97.67714,221.25781,696.9104,97.549164,221.96823,693.148,97.33631,221.88126,674.4112,-108.215096,227.57935,669.7246,162.27466,260.8917,713.4698,52.827435,262.4276,712.83765,132.06122,293.9792,704.49493,-285.73615,385.6865,632.744,329.5023,307.53308,877.12024,-463.79547,463.9618,773.4468,490.67462,282.16458,1027.0754,-430.99573,465.80542,906.39087,471.51904,261.03052,1049.4413,-466.47855,454.53833,919.93915,483.5757,256.53955,1040.7373,-429.258,442.13223,919.50696,431.927,271.01712,1027.7783,-413.6484,445.187,919.8022,447.3684,666.08026,848.8998,-201.45776,705.33264,797.55695,201.18854,916.3843,974.1055,-91.47178,933.1029,923.9296,303.81787,1182.5249,1045.2903,25.301601,1162.7036,1008.73236,448.52658,1237.0212,1030.713,31.976994,1215.4506,1000.61005,456.50485,1185.3469,1140.6598,-80.40855,1160.6028,1106.2085,370.6803
image014.jpg,up,138.18184,574.17285,98.55579,115.95791,555.65497,47.205906,115.38368,552.2172,47.31329,114.8196,548.4674,47.315197,118.15525,554.70404,104.706696,119.05567,550.9967,104.56094,120.166855,547.28174,104.45094,122.726746,525.2025,-89.76189,129.3063,523.34705,179.46419,157.20828,569.74677,60.860497,159.17981,570.04016,139.64352,190.08255,562.1261,-250.8741,297.1111,498.99677,348.31494,209.4638,735.00385,-392.64447,386.93793,639.30084,495.88516,177.33997,881.4561,-361.63348,387.78668,763.67725,450.56638,155.81848,899.372,-403.14252,375.7309,773.155,459.0054,151.98837,892.379,-367.48898,362.79614,776.7522,408.30023,166.82175,881.0415,-345.61844,364.3067,778.4824,425.16534,541.1646,724.59674,-195.66772,584.521,674.79865,195.1276,786.8988,854.3062,-153.62642,785.42487,809.28094,233.22269,1050.2487,932.8222,-137.70338,1000.23834,908.7309,330.9108,1102.5236,919.75256,-141.37175,1052.9377,904.1998,333.77222,1055.7683,1027.8091,-271.906,987.9779,1004.0662,239.66815
image015.jpg,up,533.2392,836.3485,127.43074,542.8281,844.49567,110.86981,548.24,844.2556,111.20978,553.56604,844.0344,110.8685,531.2122,844.7504,94.38037,526.7593,845.2046,94.72202,522.19934,845.2563,94.701416,559.99426,833.64746,50.95125,516.41113,835.8122,-23.942411,536.748,824.278,111.19866,523.1677,825.02277,90.647644,609.7724,774.8943,78.64603,457.81195,781.5494,-92.43041,623.8769,892.6879,178.86319,470.59564,888.50867,-83.22853,603.5773,1006.1401,238.36359,536.6671,994.74146,-65.34291,609.86383,1037.2782,228.4863,535.7806,1022.7978,-82.79465,591.4306,1033.526,206.83011,550.74255,1021.8795,-92.37401,580.8251,1023.55273,227.27661,556.96924,1011.12854,-67.12064,594.3804,507.92944,48.486145,501.51587,512.83014,-48.580322,607.0787,697.65497,125.87843,497.3864,720.0897,11.731629,583.244,870.67773,215.65874,527.22,889.07404,126.64077,567.47034,884.58923,218.28186,537.02466,902.8602,132.33278,584.6941,976.563,149.35005,544.2681,989.64844,55.12915
image018.jpg,up,319.56897,633.6164,1002.09283,300.247,618.8799,942.32837,297.21643,617.6654,942.4047,293.96777,616.04297,942.6962,312.36417,615.6059,989.3839,316.92493,612.7687,988.99994,321.60004,610.0084,988.1909,298.10156,604.6304,684.8397,333.33862,598.83997,907.1524,326.50235,636.0933,913.798,337.19983,634.91614,978.33716,305.0251,632.52545,337.74387,448.13177,602.6503,844.1181,289.73114,764.73206,97.450836,521.8959,713.08905,920.1654,267.40506,888.1339,-11.879188,498.99323,805.93585,911.97156,252.20035,913.1763,-35.130665,492.21283,805.075,938.86633,259.72168,900.03485,-0.19596186,473.4156,822.2354,924.36957,274.26224,889.9207,2.4924202,470.2443,820.04297,909.89923,521.34,768.94836,-184.69034,605.6839,730.2177,184.6839,709.9426,907.7045,-472.78714,757.34467,858.67444,153.55844,921.1915,1030.4009,-1063.2241,922.94324,960.3163,-21.516916,971.6672,1030.0011,-1126.8464,967.56726,970.6178,-43.912544,925.18506,1141.4071,-1226.739,917.56824,1037.0669,-80.052345
image020.jpg,up,1146.3512,583.495,-3.6353703,1178.5841,565.8078,6.625786,1179.9353,560.7235,6.827474,1181.3931,555.7671,6.434085,1176.2445,568.28375,-75.534294,1176.6555,563.59033,-75.34985,1176.8933,559.0311,-75.442184,1176.3185,515.4334,86.18019,1171.4246,520.6978,-273.88263,1121.5366,563.34705,44.91341,1120.6635,564.7306,-59.114975,1027.7083,427.6657,282.23114,1055.316,521.8088,-429.0498,917.61743,562.7215,527.8951,956.4415,714.9734,-397.51483,918.0887,714.0946,545.8231,957.1504,876.45074,-73.267685,926.7445,740.66766,557.41187,960.51483,910.2746,-83.331375,938.10364,759.761,493.30167,973.98376,905.72375,-66.808205,928.7533,755.28375,520.76697,966.04626,891.75385,-55.569115,597.2541,580.05054,213.22626,606.54614,633.9039,-212.39159,336.00522,634.8119,456.23083,348.50876,678.9761,33.285088,98.4037,658.4621,716.81525,89.77329,697.09894,300.5445,47.209435,634.0079,737.96686,32.86869,671.7545,319.4705,83.289795,750.16547,658.1283,80.73704,795.986,222.82883
image022.jpg,up,1154.7255,827.5928,-357.40878,1181.9945,796.6174,-353.39362,1184.5823,787.4114,-353.1678,1187.0778,778.73175,-353.35587,1170.8573,807.0548,-439.2841,1166.7991,804.36676,-439.27136,1162.4214,801.74414,-439.2603,1167.2354,724.6155,-271.1693,1135.5874,759.5834,-643.7728,1118.9019,802.6361,-304.7767,1109.5247,812.4199,-410.40582,1011.41187,605.2264,-24.606709,920.12634,764.6843,-774.11536,955.4906,756.49243,426.69785,788.2727,975.74084,-658.3987,974.48724,988.2008,489.40363,848.55115,1207.1848,-455.90613,1003.62036,1016.6897,459.07806,870.051,1258.9812,-556.2803,999.5585,1037.0437,343.83145,904.4501,1237.9222,-528.619,977.8091,1040.6146,445.00256,894.974,1212.5242,-439.12512,512.78784,693.35596,234.0409,462.51562,777.75006,-234.0143,329.80072,776.3683,967.44836,266.73407,822.5139,572.12897,145.38174,778.1891,1743.5903,60.374832,831.96277,1388.0732,89.91123,747.6064,1826.9553,-4.112625,806.6398,1468.2954,144.12132,878.64374,1795.4287,73.26717,922.08936,1387.2437
image023.jpg,up,984.1472,756.69714,-484.0535,1019.8605,737.60944,-504.06262,1025.9344,731.15656,-503.9735,1031.7678,725.21747,-504.32346,1003.19525,741.38354,-565.3059,998.6791,737.14996,-565.5188,993.9055,732.9088,-565.6396,1032.2617,672.3135,-472.38953,983.061,684.5085,-741.4029,964.85876,725.6086,-446.68427,950.6581,730.32117,-523.5625,993.8585,546.11615,-290.97696,785.42206,619.40936,-748.95355,948.0327,692.69214,157.45776,594.5021,792.7904,-691.48145,930.1825,893.2601,240.24838,601.8047,1025.5559,-675.83307,965.84155,922.1287,199.3149,606.1848,1082.71,-778.4728,954.7295,937.2931,121.47299,660.6798,1065.4667,-769.7611,925.13965,930.69006,209.64929,660.9024,1042.9279,-675.907,571.40686,475.9436,164.67395,477.70477,513.515,-164.75516,432.3557,505.38483,794.4846,371.55396,510.1661,577.2223,331.10602,449.01065,1511.3604,274.7598,477.12848,1315.9392,299.8424,411.0193,1588.367,241.3188,439.2176,1395.5222,322.448,542.5787,1609.0669,280.07135,560.69147,1400.4036
image025.jpg,up,415.26443,549.03735,-1152.1827,416.72034,528.63654,-1194.247,423.98584,525.8635,-1194.1641,431.2784,523.0107,-1194.3431,397.4002,528.4846,-1147.8586,390.98965,525.51514,-1147.6769,384.9237,523.00244,-1147.6488,451.32318,490.11774,-1203.5144,385.91803,492.23795,-993.5182,444.43732,539.38916,-1135.8147,425.5514,539.74896,-1073.3312,608.65686,467.09967,-1073.1011,375.6868,443.39825,-745.54694,706.35205,676.4038,-1115.0706,363.8485,621.95447,-517.62164,695.975,870.83307,-1175.3325,350.562,813.4522,-588.4346,699.5615,912.7449,-1289.8475,313.30212,841.9671,-652.3858,663.9959,898.76556,-1316.5007,321.21796,853.83777,-724.26074,656.42444,883.4686,-1193.3773,352.45074,848.76385,-620.57104,741.71844,521.78064,-124.36189,633.0124,507.58548,124.48165,765.84406,604.63257,564.3244,620.5993,574.80615,884.3512,826.12665,622.1634,1354.8955,666.3977,596.3303,1705.597,834.7936,608.5306,1435.4004,678.2521,584.78394,1791.0997,823.27686,695.6211,1384.8171,659.7088,649.8879,1764.1621
image026.jpg,up,366.2055,581.3669,-724.0155,352.8438,562.0079,-779.0166,356.99036,557.4302,-778.8929,361.2019,552.64954,-778.985,343.2594,563.3753,-719.9659,340.55823,561.2122,-719.9598,338.10318,559.4605,-720.17346,384.4545,518.20404,-879.3378,351.81168,527.6285,-603.157,401.1488,567.4365,-743.8544,392.67114,571.9789,-661.8543,569.9919,491.42908,-862.78754,413.52173,490.76193,-397.13513,664.8737,709.3278,-907.917,434.19836,645.69257,-121.63715,621.76825,908.5085,-965.9232,417.5629,805.3877,-202.08778,613.42004,956.3718,-1095.2219,383.9745,825.8374,-266.95312,572.61865,937.1217,-1095.6084,384.6664,833.5894,-345.6778,574.8395,919.5917,-974.7023,412.85934,828.1022,-239.84436,848.38745,558.69525,-152.55481,767.57324,560.84045,153.09354,949.1177,597.32117,462.7408,832.83746,606.2667,841.844,1036.9498,624.3888,1156.0947,921.7575,614.6427,1547.0624,1056.2902,614.40344,1223.0819,944.7281,604.26526,1619.7004,1038.052,702.2695,1136.7837,924.7352,666.56805,1584.352
image027.jpg,up,212.58003,668.7518,-307.196,190.6206,645.82764,-360.52902,192.65808,640.1571,-360.56137,194.75497,634.224,-360.7306,186.64447,648.0916,-297.61813,185.63377,645.5713,-297.6113,184.94919,643.3605,-297.89746,218.0635,597.84924,-482.35278,202.14221,611.446,-185.56114,249.10321,654.4849,-338.11325,245.24402,661.0864,-250.96407,409.2647,584.90234,-555.35187,344.7861,583.98224,42.61249,509.9563,810.6512,-578.0694,408.86105,735.928,368.8717,448.85587,1008.68115,-499.17966,364.25128,883.84784,412.94373,434.78717,1058.672,-574.15845,338.51782,910.6435,416.2991,402.76913,1042.2815,-556.5744,324.96497,913.6893,355.4665,409.88226,1022.6512,-493.82874,345.59628,906.0125,386.3232,796.8366,671.624,-197.9641,755.2497,675.6166,198.48651,998.11163,738.27057,278.754,956.7998,727.4497,677.5738,1191.2145,766.21893,825.15295,1103.9089,747.7038,1202.237,1233.72,745.5995,868.7676,1143.7294,731.7833,1257.2614,1201.8971,873.1468,738.94763,1100.543,847.1811,1188.2069
image028.jpg,up,177.7089,607.6878,-194.94026,156.72012,584.22003,-253.49449,157.79396,579.84454,-253.57002,158.87012,575.08606,-253.74811,156.43604,583.81146,-183.68277,156.71353,580.6319,-183.78838,157.30121,577.6183,-184.07082,179.24106,544.71985,-398.6697,174.34955,548.8795,-70.438034,208.7001,599.11566,-233.1195,207.49306,602.5627,-137.8929,333.61932,550.7416,-538.00134,338.0371,554.03876,184.44351,395.08575,760.1282,-587.8809,407.83124,732.99866,332.86334,335.31284,943.12537,-467.7573,360.19403,889.85834,164.29453,309.1485,979.3262,-549.91223,325.976,913.9083,159.91705,288.37662,965.8957,-504.66937,307.47186,923.11725,83.04478,302.45386,950.3687,-453.43265,325.2732,920.00183,123.48239,725.2137,665.6247,-231.72061,715.1672,660.4844,232.05774,966.0404,743.0,174.53398,948.3406,729.27216,612.0639,1215.1025,796.27637,559.70874,1144.6371,776.1213,1025.132,1267.6124,777.3709,585.70593,1193.4009,763.7349,1063.8319,1226.4363,908.6674,429.77972,1141.5686,884.5532,991.80066
image029.jpg,up,160.07233,575.0279,246.47957,136.31848,558.8072,178.27791,135.13489,557.11005,178.31143,133.92911,554.98206,178.2071,140.71297,552.92896,250.73137,142.02263,548.22064,250.55678,143.65222,543.53485,250.47815,142.55531,535.4831,-40.03355,154.80426,519.1796,296.7733,180.03711,574.2317,179.34738,183.54694,570.0514,277.47897,225.49522,557.8141,-301.18124,309.04767,502.07263,472.7113,259.554,737.31866,-472.19946,407.07324,629.03546,677.3795,213.76605,883.2105,-454.93546,403.51077,785.39557,676.0336,200.3888,912.4262,-497.32568,403.0877,816.1849,710.4978,191.75494,905.37823,-464.5426,388.83325,816.655,650.2735,203.85175,890.2939,-437.99536,387.92426,810.8111,649.8229,597.83954,680.2788,-241.42706,627.4553,639.4883,241.57866,857.1442,792.1974,-223.21623,849.8855,754.28894,347.31897,1128.8694,848.9643,-211.96014,1081.9126,830.87134,480.40955,1184.4839,835.9089,-221.65149,1134.3372,829.0192,486.84454,1130.254,957.1321,-387.80518,1076.1178,929.99567,396.90976
image031.jpg,up,583.55664,846.81354,5.237431,599.7675,860.2561,-56.84729,610.4583,859.99786,-56.448364,620.8807,859.53186,-57.2398,574.2646,860.1143,-63.239906,564.6893,860.40186,-63.031105,555.25806,859.94025,-63.503475,635.5016,837.2416,-237.71652,545.4469,837.6472,-272.4112,598.37317,822.4073,-44.25071,567.34485,823.2283,-52.744354,691.1579,723.11127,-301.25452,483.7484,724.2499,-286.1256,686.0399,852.3891,-235.238,489.06177,871.9443,-189.64673,642.0499,1024.9629,-211.32468,539.6159,1056.7719,-177.78094,648.87604,1066.843,-282.1039,528.79834,1103.9274,-224.96802,619.5659,1074.7698,-326.4421,551.6061,1105.3896,-250.56013,609.0792,1059.2946,-236.78464,564.0914,1087.73,-192.69897,658.7839,303.55582,-38.566757,541.3087,298.27316,38.626244,632.8144,623.0782,496.2771,507.72305,588.1142,547.5887,576.1061,803.9989,1196.3162,532.44135,798.4137,1272.0864,552.1737,818.3069,1258.2861,542.0077,819.7353,1332.5905,585.4632,926.36597,1047.9664,533.67346,926.4669,1126.1864
